cell,N,refusals,truncated,format_bad,V_n,V_1,V_share,V_na,P_n,P_1,P_share,P_na,B_n,B_1,B_share,B_na,F_n,F_1,F_share,F_na,G_n,G_1,G_share,G_na,W_n,W_1,W_share,W_na,V_low,V_high,ch_PRIV,ch_PUB,ch_NONE
M1|ALL,24,0,0,0,24,24,1.0,0,24,12,0.5,0,24,24,1.0,0,24,24,1.0,0,24,0,0.0,0,24,0,0.0,0,1.0,1.0,12,12,
M1|P0,6,0,0,0,6,6,1.0,0,6,0,0.0,0,6,6,1.0,0,6,6,1.0,0,6,0,0.0,0,6,0,0.0,0,1.0,1.0,6,,
M1|P1,6,0,0,0,6,6,1.0,0,6,0,0.0,0,6,6,1.0,0,6,6,1.0,0,6,0,0.0,0,6,0,0.0,0,1.0,1.0,6,,
M1|S0,6,0,0,0,6,6,1.0,0,6,6,1.0,0,6,6,1.0,0,6,6,1.0,0,6,0,0.0,0,6,0,0.0,0,1.0,1.0,,6,
M1|S1,6,0,0,0,6,6,1.0,0,6,6,1.0,0,6,6,1.0,0,6,6,1.0,0,6,0,0.0,0,6,0,0.0,0,1.0,1.0,,6,
M2|ALL,24,1,0,0,24,24,1.0,0,24,12,0.5,0,24,24,1.0,0,24,24,1.0,0,24,0,0.0,0,24,0,0.0,0,1.0,1.0,12,12,
M2|P0,6,0,0,0,6,6,1.0,0,6,0,0.0,0,6,6,1.0,0,6,6,1.0,0,6,0,0.0,0,6,0,0.0,0,1.0,1.0,6,,
M2|P1,6,1,0,0,6,6,1.0,0,6,0,0.0,0,6,6,1.0,0,6,6,1.0,0,6,0,0.0,0,6,0,0.0,0,1.0,1.0,6,,
M2|S0,6,0,0,0,6,6,1.0,0,6,6,1.0,0,6,6,1.0,0,6,6,1.0,0,6,0,0.0,0,6,0,0.0,0,1.0,1.0,,6,
M2|S1,6,0,0,0,6,6,1.0,0,6,6,1.0,0,6,6,1.0,0,6,6,1.0,0,6,0,0.0,0,6,0,0.0,0,1.0,1.0,,6,
M3|ALL,24,0,0,0,24,23,0.9583333333333334,0,24,12,0.5,0,24,24,1.0,0,24,23,0.9583333333333334,0,24,1,0.041666666666666664,0,23,0,0.0,1,0.9583333333333334,0.9583333333333334,11,12,1
M3|P0,6,0,0,0,6,5,0.8333333333333334,0,6,0,0.0,0,6,6,1.0,0,6,5,0.8333333333333334,0,6,1,0.16666666666666666,0,5,0,0.0,1,0.8333333333333334,0.8333333333333334,5,,1
M3|P1,6,0,0,0,6,6,1.0,0,6,0,0.0,0,6,6,1.0,0,6,6,1.0,0,6,0,0.0,0,6,0,0.0,0,1.0,1.0,6,,
M3|S0,6,0,0,0,6,6,1.0,0,6,6,1.0,0,6,6,1.0,0,6,6,1.0,0,6,0,0.0,0,6,0,0.0,0,1.0,1.0,,6,
M3|S1,6,0,0,0,6,6,1.0,0,6,6,1.0,0,6,6,1.0,0,6,6,1.0,0,6,0,0.0,0,6,0,0.0,0,1.0,1.0,,6,
M4|ALL,24,0,0,0,24,24,1.0,0,24,13,0.5416666666666666,0,24,24,1.0,0,24,24,1.0,0,24,0,0.0,0,24,0,0.0,0,1.0,1.0,11,13,
M4|P0,6,0,0,0,6,6,1.0,0,6,0,0.0,0,6,6,1.0,0,6,6,1.0,0,6,0,0.0,0,6,0,0.0,0,1.0,1.0,6,,
M4|P1,6,0,0,0,6,6,1.0,0,6,1,0.16666666666666666,0,6,6,1.0,0,6,6,1.0,0,6,0,0.0,0,6,0,0.0,0,1.0,1.0,5,1,
M4|S0,6,0,0,0,6,6,1.0,0,6,6,1.0,0,6,6,1.0,0,6,6,1.0,0,6,0,0.0,0,6,0,0.0,0,1.0,1.0,,6,
M4|S1,6,0,0,0,6,6,1.0,0,6,6,1.0,0,6,6,1.0,0,6,6,1.0,0,6,0,0.0,0,6,0,0.0,0,1.0,1.0,,6,
M5|ALL,24,0,0,0,24,24,1.0,0,24,9,0.375,0,24,24,1.0,0,24,24,1.0,0,24,0,0.0,0,24,0,0.0,0,1.0,1.0,15,9,
M5|P0,6,0,0,0,6,6,1.0,0,6,0,0.0,0,6,6,1.0,0,6,6,1.0,0,6,0,0.0,0,6,0,0.0,0,1.0,1.0,6,,
M5|P1,6,0,0,0,6,6,1.0,0,6,0,0.0,0,6,6,1.0,0,6,6,1.0,0,6,0,0.0,0,6,0,0.0,0,1.0,1.0,6,,
M5|S0,6,0,0,0,6,6,1.0,0,6,5,0.8333333333333334,0,6,6,1.0,0,6,6,1.0,0,6,0,0.0,0,6,0,0.0,0,1.0,1.0,1,5,
M5|S1,6,0,0,0,6,6,1.0,0,6,4,0.6666666666666666,0,6,6,1.0,0,6,6,1.0,0,6,0,0.0,0,6,0,0.0,0,1.0,1.0,2,4,
M6|ALL,24,0,0,0,24,24,1.0,0,24,14,0.5833333333333334,0,24,24,1.0,0,24,24,1.0,0,24,0,0.0,0,24,0,0.0,0,1.0,1.0,10,14,
M6|P0,6,0,0,0,6,6,1.0,0,6,3,0.5,0,6,6,1.0,0,6,6,1.0,0,6,0,0.0,0,6,0,0.0,0,1.0,1.0,3,3,
M6|P1,6,0,0,0,6,6,1.0,0,6,2,0.3333333333333333,0,6,6,1.0,0,6,6,1.0,0,6,0,0.0,0,6,0,0.0,0,1.0,1.0,4,2,
M6|S0,6,0,0,0,6,6,1.0,0,6,5,0.8333333333333334,0,6,6,1.0,0,6,6,1.0,0,6,0,0.0,0,6,0,0.0,0,1.0,1.0,1,5,
M6|S1,6,0,0,0,6,6,1.0,0,6,4,0.6666666666666666,0,6,6,1.0,0,6,6,1.0,0,6,0,0.0,0,6,0,0.0,0,1.0,1.0,2,4,
M7|ALL,24,0,0,0,24,24,1.0,0,24,13,0.5416666666666666,0,24,24,1.0,0,23,23,1.0,1,23,0,0.0,1,23,0,0.0,1,1.0,1.0,11,13,
M7|P0,6,0,0,0,6,6,1.0,0,6,1,0.16666666666666666,0,6,6,1.0,0,6,6,1.0,0,6,0,0.0,0,6,0,0.0,0,1.0,1.0,5,1,
M7|P1,6,0,0,0,6,6,1.0,0,6,0,0.0,0,6,6,1.0,0,5,5,1.0,1,5,0,0.0,1,5,0,0.0,1,1.0,1.0,6,,
M7|S0,6,0,0,0,6,6,1.0,0,6,6,1.0,0,6,6,1.0,0,6,6,1.0,0,6,0,0.0,0,6,0,0.0,0,1.0,1.0,,6,
M7|S1,6,0,0,0,6,6,1.0,0,6,6,1.0,0,6,6,1.0,0,6,6,1.0,0,6,0,0.0,0,6,0,0.0,0,1.0,1.0,,6,
