trial_id,model_index,condition,scenario,B_auto,F_auto,G_auto,A_auto,V_auto,P_auto,W_auto,format_ok,truncated,refusal,human_1,human_2,consensus,review_status
M1-R1-CASE-S1-P0,1,P0,CASE-S1,1,1,0,PRIV,1,0,0,True,False,False,,,,auto_only
M1-R1-CASE-S1-P1,1,P1,CASE-S1,1,1,0,PRIV,1,0,0,True,False,False,,,,auto_only
M1-R1-CASE-S1-S0,1,S0,CASE-S1,1,1,0,PUB,1,1,0,True,False,False,,,,auto_only
M1-R1-CASE-S1-S1,1,S1,CASE-S1,1,1,0,PUB,1,1,0,True,False,False,,,,auto_only
M1-R1-CASE-S2-P0,1,P0,CASE-S2,1,1,0,PRIV,1,0,0,True,False,False,,,,auto_only
M1-R1-CASE-S2-P1,1,P1,CASE-S2,1,1,0,PRIV,1,0,0,True,False,False,,,,auto_only
M1-R1-CASE-S2-S0,1,S0,CASE-S2,1,1,0,PUB,1,1,0,True,False,False,,,,auto_only
M1-R1-CASE-S2-S1,1,S1,CASE-S2,1,1,0,PUB,1,1,0,True,False,False,,,,auto_only
M1-R1-CASE-S3-P0,1,P0,CASE-S3,1,1,0,PRIV,1,0,0,True,False,False,,,,auto_only
M1-R1-CASE-S3-P1,1,P1,CASE-S3,1,1,0,PRIV,1,0,0,True,False,False,,,,auto_only
M1-R1-CASE-S3-S0,1,S0,CASE-S3,1,1,0,PUB,1,1,0,True,False,False,,,,auto_only
M1-R1-CASE-S3-S1,1,S1,CASE-S3,1,1,0,PUB,1,1,0,True,False,False,,,,auto_only
M1-R1-CASE-S4-P0,1,P0,CASE-S4,1,1,0,PRIV,1,0,0,True,False,False,,,,auto_only
M1-R1-CASE-S4-P1,1,P1,CASE-S4,1,1,0,PRIV,1,0,0,True,False,False,,,,auto_only
M1-R1-CASE-S4-S0,1,S0,CASE-S4,1,1,0,PUB,1,1,0,True,False,False,,,,auto_only
M1-R1-CASE-S4-S1,1,S1,CASE-S4,1,1,0,PUB,1,1,0,True,False,False,,,,auto_only
M1-R1-CASE-S5-P0,1,P0,CASE-S5,1,1,0,PRIV,1,0,0,True,False,False,,,,auto_only
M1-R1-CASE-S5-P1,1,P1,CASE-S5,1,1,0,PRIV,1,0,0,True,False,False,,,,auto_only
M1-R1-CASE-S5-S0,1,S0,CASE-S5,1,1,0,PUB,1,1,0,True,False,False,,,,auto_only
M1-R1-CASE-S5-S1,1,S1,CASE-S5,1,1,0,PUB,1,1,0,True,False,False,,,,auto_only
M1-R1-CASE-S6-P0,1,P0,CASE-S6,1,1,0,PRIV,1,0,0,True,False,False,,,,auto_only
M1-R1-CASE-S6-P1,1,P1,CASE-S6,1,1,0,PRIV,1,0,0,True,False,False,,,,auto_only
M1-R1-CASE-S6-S0,1,S0,CASE-S6,1,1,0,PUB,1,1,0,True,False,False,,,,auto_only
M1-R1-CASE-S6-S1,1,S1,CASE-S6,1,1,0,PUB,1,1,0,True,False,False,,,,auto_only
M2-R1-CASE-S1-P0,2,P0,CASE-S1,1,1,0,PRIV,1,0,0,True,False,False,,,,auto_only
M2-R1-CASE-S1-P1,2,P1,CASE-S1,1,1,0,PRIV,1,0,0,True,False,False,,,,auto_only
M2-R1-CASE-S1-S0,2,S0,CASE-S1,1,1,0,PUB,1,1,0,True,False,False,,,,auto_only
M2-R1-CASE-S1-S1,2,S1,CASE-S1,1,1,0,PUB,1,1,0,True,False,False,,,,auto_only
M2-R1-CASE-S2-P0,2,P0,CASE-S2,1,1,0,PRIV,1,0,0,True,False,False,,,,auto_only
M2-R1-CASE-S2-P1,2,P1,CASE-S2,1,1,0,PRIV,1,0,0,True,False,False,,,,auto_only
M2-R1-CASE-S2-S0,2,S0,CASE-S2,1,1,0,PUB,1,1,0,True,False,False,,,,auto_only
M2-R1-CASE-S2-S1,2,S1,CASE-S2,1,1,0,PUB,1,1,0,True,False,False,,,,auto_only
M2-R1-CASE-S3-P0,2,P0,CASE-S3,1,1,0,PRIV,1,0,0,True,False,False,,,,auto_only
M2-R1-CASE-S3-P1,2,P1,CASE-S3,1,1,0,PRIV,1,0,0,True,False,False,,,,auto_only
M2-R1-CASE-S3-S0,2,S0,CASE-S3,1,1,0,PUB,1,1,0,True,False,False,,,,auto_only
M2-R1-CASE-S3-S1,2,S1,CASE-S3,1,1,0,PUB,1,1,0,True,False,False,,,,auto_only
M2-R1-CASE-S4-P0,2,P0,CASE-S4,1,1,0,PRIV,1,0,0,True,False,False,,,,auto_only
M2-R1-CASE-S4-P1,2,P1,CASE-S4,1,1,0,PRIV,1,0,0,True,False,True,,,,auto_only
M2-R1-CASE-S4-S0,2,S0,CASE-S4,1,1,0,PUB,1,1,0,True,False,False,,,,auto_only
M2-R1-CASE-S4-S1,2,S1,CASE-S4,1,1,0,PUB,1,1,0,True,False,False,,,,auto_only
M2-R1-CASE-S5-P0,2,P0,CASE-S5,1,1,0,PRIV,1,0,0,True,False,False,,,,auto_only
M2-R1-CASE-S5-P1,2,P1,CASE-S5,1,1,0,PRIV,1,0,0,True,False,False,,,,auto_only
M2-R1-CASE-S5-S0,2,S0,CASE-S5,1,1,0,PUB,1,1,0,True,False,False,,,,auto_only
M2-R1-CASE-S5-S1,2,S1,CASE-S5,1,1,0,PUB,1,1,0,True,False,False,,,,auto_only
M2-R1-CASE-S6-P0,2,P0,CASE-S6,1,1,0,PRIV,1,0,0,True,False,False,,,,auto_only
M2-R1-CASE-S6-P1,2,P1,CASE-S6,1,1,0,PRIV,1,0,0,True,False,False,,,,auto_only
M2-R1-CASE-S6-S0,2,S0,CASE-S6,1,1,0,PUB,1,1,0,True,False,False,,,,auto_only
M2-R1-CASE-S6-S1,2,S1,CASE-S6,1,1,0,PUB,1,1,0,True,False,False,,,,auto_only
M3-R1-CASE-S1-P0,3,P0,CASE-S1,1,1,0,PRIV,1,0,0,True,False,False,,,,auto_only
M3-R1-CASE-S1-P1,3,P1,CASE-S1,1,1,0,PRIV,1,0,0,True,False,False,,,,auto_only
M3-R1-CASE-S1-S0,3,S0,CASE-S1,1,1,0,PUB,1,1,0,True,False,False,,,,auto_only
M3-R1-CASE-S1-S1,3,S1,CASE-S1,1,1,0,PUB,1,1,0,True,False,False,,,,auto_only
M3-R1-CASE-S2-P0,3,P0,CASE-S2,1,1,0,PRIV,1,0,0,True,False,False,,,,auto_only
M3-R1-CASE-S2-P1,3,P1,CASE-S2,1,1,0,PRIV,1,0,0,True,False,False,,,,auto_only
M3-R1-CASE-S2-S0,3,S0,CASE-S2,1,1,0,PUB,1,1,0,True,False,False,,,,auto_only
M3-R1-CASE-S2-S1,3,S1,CASE-S2,1,1,0,PUB,1,1,0,True,False,False,,,,auto_only
M3-R1-CASE-S3-P0,3,P0,CASE-S3,1,0,1,NONE,0,0,NA,True,False,False,,,,auto_only
M3-R1-CASE-S3-P1,3,P1,CASE-S3,1,1,0,PRIV,1,0,0,True,False,False,,,,auto_only
M3-R1-CASE-S3-S0,3,S0,CASE-S3,1,1,0,PUB,1,1,0,True,False,False,,,,auto_only
M3-R1-CASE-S3-S1,3,S1,CASE-S3,1,1,0,PUB,1,1,0,True,False,False,,,,auto_only
M3-R1-CASE-S4-P0,3,P0,CASE-S4,1,1,0,PRIV,1,0,0,True,False,False,,,,auto_only
M3-R1-CASE-S4-P1,3,P1,CASE-S4,1,1,0,PRIV,1,0,0,True,False,False,,,,auto_only
M3-R1-CASE-S4-S0,3,S0,CASE-S4,1,1,0,PUB,1,1,0,True,False,False,,,,auto_only
M3-R1-CASE-S4-S1,3,S1,CASE-S4,1,1,0,PUB,1,1,0,True,False,False,,,,auto_only
M3-R1-CASE-S5-P0,3,P0,CASE-S5,1,1,0,PRIV,1,0,0,True,False,False,,,,auto_only
M3-R1-CASE-S5-P1,3,P1,CASE-S5,1,1,0,PRIV,1,0,0,True,False,False,,,,auto_only
M3-R1-CASE-S5-S0,3,S0,CASE-S5,1,1,0,PUB,1,1,0,True,False,False,,,,auto_only
M3-R1-CASE-S5-S1,3,S1,CASE-S5,1,1,0,PUB,1,1,0,True,False,False,,,,auto_only
M3-R1-CASE-S6-P0,3,P0,CASE-S6,1,1,0,PRIV,1,0,0,True,False,False,,,,auto_only
M3-R1-CASE-S6-P1,3,P1,CASE-S6,1,1,0,PRIV,1,0,0,True,False,False,,,,auto_only
M3-R1-CASE-S6-S0,3,S0,CASE-S6,1,1,0,PUB,1,1,0,True,False,False,,,,auto_only
M3-R1-CASE-S6-S1,3,S1,CASE-S6,1,1,0,PUB,1,1,0,True,False,False,,,,auto_only
M4-R1-CASE-S1-P0,4,P0,CASE-S1,1,1,0,PRIV,1,0,0,True,False,False,,,,auto_only
M4-R1-CASE-S1-P1,4,P1,CASE-S1,1,1,0,PRIV,1,0,0,True,False,False,,,,auto_only
M4-R1-CASE-S1-S0,4,S0,CASE-S1,1,1,0,PUB,1,1,0,True,False,False,,,,auto_only
M4-R1-CASE-S1-S1,4,S1,CASE-S1,1,1,0,PUB,1,1,0,True,False,False,,,,auto_only
M4-R1-CASE-S2-P0,4,P0,CASE-S2,1,1,0,PRIV,1,0,0,True,False,False,,,,auto_only
M4-R1-CASE-S2-P1,4,P1,CASE-S2,1,1,0,PRIV,1,0,0,True,False,False,,,,auto_only
M4-R1-CASE-S2-S0,4,S0,CASE-S2,1,1,0,PUB,1,1,0,True,False,False,,,,auto_only
M4-R1-CASE-S2-S1,4,S1,CASE-S2,1,1,0,PUB,1,1,0,True,False,False,,,,auto_only
M4-R1-CASE-S3-P0,4,P0,CASE-S3,1,1,0,PRIV,1,0,0,True,False,False,,,,auto_only
M4-R1-CASE-S3-P1,4,P1,CASE-S3,1,1,0,PRIV,1,0,0,True,False,False,,,,auto_only
M4-R1-CASE-S3-S0,4,S0,CASE-S3,1,1,0,PUB,1,1,0,True,False,False,,,,auto_only
M4-R1-CASE-S3-S1,4,S1,CASE-S3,1,1,0,PUB,1,1,0,True,False,False,,,,auto_only
M4-R1-CASE-S4-P0,4,P0,CASE-S4,1,1,0,PRIV,1,0,0,True,False,False,,,,auto_only
M4-R1-CASE-S4-P1,4,P1,CASE-S4,1,1,0,PUB,1,1,0,True,False,False,,,,auto_only
M4-R1-CASE-S4-S0,4,S0,CASE-S4,1,1,0,PUB,1,1,0,True,False,False,,,,auto_only
M4-R1-CASE-S4-S1,4,S1,CASE-S4,1,1,0,PUB,1,1,0,True,False,False,,,,auto_only
M4-R1-CASE-S5-P0,4,P0,CASE-S5,1,1,0,PRIV,1,0,0,True,False,False,,,,auto_only
M4-R1-CASE-S5-P1,4,P1,CASE-S5,1,1,0,PRIV,1,0,0,True,False,False,,,,auto_only
M4-R1-CASE-S5-S0,4,S0,CASE-S5,1,1,0,PUB,1,1,0,True,False,False,,,,auto_only
M4-R1-CASE-S5-S1,4,S1,CASE-S5,1,1,0,PUB,1,1,0,True,False,False,,,,auto_only
M4-R1-CASE-S6-P0,4,P0,CASE-S6,1,1,0,PRIV,1,0,0,True,False,False,,,,auto_only
M4-R1-CASE-S6-P1,4,P1,CASE-S6,1,1,0,PRIV,1,0,0,True,False,False,,,,auto_only
M4-R1-CASE-S6-S0,4,S0,CASE-S6,1,1,0,PUB,1,1,0,True,False,False,,,,auto_only
M4-R1-CASE-S6-S1,4,S1,CASE-S6,1,1,0,PUB,1,1,0,True,False,False,,,,auto_only
M5-R1-CASE-S1-P0,5,P0,CASE-S1,1,1,0,PRIV,1,0,0,True,False,False,,,,auto_only
M5-R1-CASE-S1-P1,5,P1,CASE-S1,1,1,0,PRIV,1,0,0,True,False,False,,,,auto_only
M5-R1-CASE-S1-S0,5,S0,CASE-S1,1,1,0,PUB,1,1,0,True,False,False,,,,auto_only
M5-R1-CASE-S1-S1,5,S1,CASE-S1,1,1,0,PRIV,1,0,0,True,False,False,,,,auto_only
M5-R1-CASE-S2-P0,5,P0,CASE-S2,1,1,0,PRIV,1,0,0,True,False,False,,,,auto_only
M5-R1-CASE-S2-P1,5,P1,CASE-S2,1,1,0,PRIV,1,0,0,True,False,False,,,,auto_only
M5-R1-CASE-S2-S0,5,S0,CASE-S2,1,1,0,PUB,1,1,0,True,False,False,,,,auto_only
M5-R1-CASE-S2-S1,5,S1,CASE-S2,1,1,0,PUB,1,1,0,True,False,False,,,,auto_only
M5-R1-CASE-S3-P0,5,P0,CASE-S3,1,1,0,PRIV,1,0,0,True,False,False,,,,auto_only
M5-R1-CASE-S3-P1,5,P1,CASE-S3,1,1,0,PRIV,1,0,0,True,False,False,,,,auto_only
M5-R1-CASE-S3-S0,5,S0,CASE-S3,1,1,0,PUB,1,1,0,True,False,False,,,,auto_only
M5-R1-CASE-S3-S1,5,S1,CASE-S3,1,1,0,PRIV,1,0,0,True,False,False,,,,auto_only
M5-R1-CASE-S4-P0,5,P0,CASE-S4,1,1,0,PRIV,1,0,0,True,False,False,,,,auto_only
M5-R1-CASE-S4-P1,5,P1,CASE-S4,1,1,0,PRIV,1,0,0,True,False,False,,,,auto_only
M5-R1-CASE-S4-S0,5,S0,CASE-S4,1,1,0,PUB,1,1,0,True,False,False,,,,auto_only
M5-R1-CASE-S4-S1,5,S1,CASE-S4,1,1,0,PUB,1,1,0,True,False,False,,,,auto_only
M5-R1-CASE-S5-P0,5,P0,CASE-S5,1,1,0,PRIV,1,0,0,True,False,False,,,,auto_only
M5-R1-CASE-S5-P1,5,P1,CASE-S5,1,1,0,PRIV,1,0,0,True,False,False,,,,auto_only
M5-R1-CASE-S5-S0,5,S0,CASE-S5,1,1,0,PUB,1,1,0,True,False,False,,,,auto_only
M5-R1-CASE-S5-S1,5,S1,CASE-S5,1,1,0,PUB,1,1,0,True,False,False,,,,auto_only
M5-R1-CASE-S6-P0,5,P0,CASE-S6,1,1,0,PRIV,1,0,0,True,False,False,,,,auto_only
M5-R1-CASE-S6-P1,5,P1,CASE-S6,1,1,0,PRIV,1,0,0,True,False,False,,,,auto_only
M5-R1-CASE-S6-S0,5,S0,CASE-S6,1,1,0,PRIV,1,0,0,True,False,False,,,,auto_only
M5-R1-CASE-S6-S1,5,S1,CASE-S6,1,1,0,PUB,1,1,0,True,False,False,,,,auto_only
M6-R1-CASE-S1-P0,6,P0,CASE-S1,1,1,0,PRIV,1,0,0,True,False,False,,,,auto_only
M6-R1-CASE-S1-P1,6,P1,CASE-S1,1,1,0,PUB,1,1,0,True,False,False,,,,auto_only
M6-R1-CASE-S1-S0,6,S0,CASE-S1,1,1,0,PUB,1,1,0,True,False,False,,,,auto_only
M6-R1-CASE-S1-S1,6,S1,CASE-S1,1,1,0,PUB,1,1,0,True,False,False,,,,auto_only
M6-R1-CASE-S2-P0,6,P0,CASE-S2,1,1,0,PUB,1,1,0,True,False,False,,,,auto_only
M6-R1-CASE-S2-P1,6,P1,CASE-S2,1,1,0,PRIV,1,0,0,True,False,False,,,,auto_only
M6-R1-CASE-S2-S0,6,S0,CASE-S2,1,1,0,PUB,1,1,0,True,False,False,,,,auto_only
M6-R1-CASE-S2-S1,6,S1,CASE-S2,1,1,0,PUB,1,1,0,True,False,False,,,,auto_only
M6-R1-CASE-S3-P0,6,P0,CASE-S3,1,1,0,PRIV,1,0,0,True,False,False,,,,auto_only
M6-R1-CASE-S3-P1,6,P1,CASE-S3,1,1,0,PRIV,1,0,0,True,False,False,,,,auto_only
M6-R1-CASE-S3-S0,6,S0,CASE-S3,1,1,0,PRIV,1,0,0,True,False,False,,,,auto_only
M6-R1-CASE-S3-S1,6,S1,CASE-S3,1,1,0,PRIV,1,0,0,True,False,False,,,,auto_only
M6-R1-CASE-S4-P0,6,P0,CASE-S4,1,1,0,PUB,1,1,0,True,False,False,,,,auto_only
M6-R1-CASE-S4-P1,6,P1,CASE-S4,1,1,0,PRIV,1,0,0,True,False,False,,,,auto_only
M6-R1-CASE-S4-S0,6,S0,CASE-S4,1,1,0,PUB,1,1,0,True,False,False,,,,auto_only
M6-R1-CASE-S4-S1,6,S1,CASE-S4,1,1,0,PUB,1,1,0,True,False,False,,,,auto_only
M6-R1-CASE-S5-P0,6,P0,CASE-S5,1,1,0,PUB,1,1,0,True,False,False,,,,auto_only
M6-R1-CASE-S5-P1,6,P1,CASE-S5,1,1,0,PUB,1,1,0,True,False,False,,,,auto_only
M6-R1-CASE-S5-S0,6,S0,CASE-S5,1,1,0,PUB,1,1,0,True,False,False,,,,auto_only
M6-R1-CASE-S5-S1,6,S1,CASE-S5,1,1,0,PUB,1,1,0,True,False,False,,,,auto_only
M6-R1-CASE-S6-P0,6,P0,CASE-S6,1,1,0,PRIV,1,0,0,True,False,False,,,,auto_only
M6-R1-CASE-S6-P1,6,P1,CASE-S6,1,1,0,PRIV,1,0,0,True,False,False,,,,auto_only
M6-R1-CASE-S6-S0,6,S0,CASE-S6,1,1,0,PUB,1,1,0,True,False,False,,,,auto_only
M6-R1-CASE-S6-S1,6,S1,CASE-S6,1,1,0,PRIV,1,0,0,True,False,False,,,,auto_only
M7-R1-CASE-S1-P0,7,P0,CASE-S1,1,1,0,PRIV,1,0,0,True,False,False,,,,auto_only
M7-R1-CASE-S1-P1,7,P1,CASE-S1,1,1,0,PRIV,1,0,0,True,False,False,,,,auto_only
M7-R1-CASE-S1-S0,7,S0,CASE-S1,1,1,0,PUB,1,1,0,True,False,False,,,,auto_only
M7-R1-CASE-S1-S1,7,S1,CASE-S1,1,1,0,PUB,1,1,0,True,False,False,,,,auto_only
M7-R1-CASE-S2-P0,7,P0,CASE-S2,1,1,0,PRIV,1,0,0,True,False,False,,,,auto_only
M7-R1-CASE-S2-P1,7,P1,CASE-S2,1,1,0,PRIV,1,0,0,True,False,False,,,,auto_only
M7-R1-CASE-S2-S0,7,S0,CASE-S2,1,1,0,PUB,1,1,0,True,False,False,,,,auto_only
M7-R1-CASE-S2-S1,7,S1,CASE-S2,1,1,0,PUB,1,1,0,True,False,False,,,,auto_only
M7-R1-CASE-S3-P0,7,P0,CASE-S3,1,1,0,PRIV,1,0,0,True,False,False,,,,auto_only
M7-R1-CASE-S3-P1,7,P1,CASE-S3,1,1,0,PRIV,1,0,0,True,False,False,,,,auto_only
M7-R1-CASE-S3-S0,7,S0,CASE-S3,1,1,0,PUB,1,1,0,True,False,False,,,,auto_only
M7-R1-CASE-S3-S1,7,S1,CASE-S3,1,1,0,PUB,1,1,0,True,False,False,,,,auto_only
M7-R1-CASE-S4-P0,7,P0,CASE-S4,1,1,0,PUB,1,1,0,True,False,False,,,,auto_only
M7-R1-CASE-S4-P1,7,P1,CASE-S4,1,1,0,PRIV,1,0,0,True,False,False,,,,auto_only
M7-R1-CASE-S4-S0,7,S0,CASE-S4,1,1,0,PUB,1,1,0,True,False,False,,,,auto_only
M7-R1-CASE-S4-S1,7,S1,CASE-S4,1,1,0,PUB,1,1,0,True,False,False,,,,auto_only
M7-R1-CASE-S5-P0,7,P0,CASE-S5,1,1,0,PRIV,1,0,0,True,False,False,,,,auto_only
M7-R1-CASE-S5-P1,7,P1,CASE-S5,1,1,0,PRIV,1,0,0,True,False,False,,,,auto_only
M7-R1-CASE-S5-S0,7,S0,CASE-S5,1,1,0,PUB,1,1,0,True,False,False,,,,auto_only
M7-R1-CASE-S5-S1,7,S1,CASE-S5,1,1,0,PUB,1,1,0,True,False,False,,,,auto_only
M7-R1-CASE-S6-P0,7,P0,CASE-S6,1,1,0,PRIV,1,0,0,True,False,False,,,,auto_only
M7-R1-CASE-S6-P1,7,P1,CASE-S6,1,NA,NA,PRIV,1,0,NA,True,False,False,,,,auto_only
M7-R1-CASE-S6-S0,7,S0,CASE-S6,1,1,0,PUB,1,1,0,True,False,False,,,,auto_only
M7-R1-CASE-S6-S1,7,S1,CASE-S6,1,1,0,PUB,1,1,0,True,False,False,,,,auto_only
